web-scraper-order,web-scraper-start-url,kohteet,kohteet-href,tiedot
"1619175014-100","https://www.nettiauto.com/citroen/grand-c4-picasso/bensiini?id_country[]=73","Citroen Grand C4 Picasso","https://www.nettiauto.com/citroen/grand-c4-picasso/12037414","2007 (ensirek. 11-2006)"
"1619175028-162","https://www.nettiauto.com/citroen/grand-c4-picasso/bensiini?id_country[]=73","Citroen Grand C4 Picasso","https://www.nettiauto.com/citroen/grand-c4-picasso/12080603","1.7 l, Bensiini"
"1619174999-39","https://www.nettiauto.com/citroen/grand-c4-picasso/bensiini?id_country[]=73","Citroen Grand C4 Picasso","https://www.nettiauto.com/citroen/grand-c4-picasso/12010953","1.6 l, Bensiini"
"1619175028-170","https://www.nettiauto.com/citroen/grand-c4-picasso/bensiini?id_country[]=73","Citroen Grand C4 Picasso","https://www.nettiauto.com/citroen/grand-c4-picasso/12080603","Kulutus: 
Kaupunki: 11.3 l/100km
Maantie: 6.1 l/100km
Yhdistetty: 8.0 l/100km"
"1619175014-105","https://www.nettiauto.com/citroen/grand-c4-picasso/bensiini?id_country[]=73","Citroen Grand C4 Picasso","https://www.nettiauto.com/citroen/grand-c4-picasso/12037414","Helsinki, Uusimaa"
"1619175002-54","https://www.nettiauto.com/citroen/grand-c4-picasso/bensiini?id_country[]=73","Citroen Grand C4 Picasso","https://www.nettiauto.com/citroen/grand-c4-picasso/11924360","1.6 l, Bensiini"
"1619175030-180","https://www.nettiauto.com/citroen/grand-c4-picasso/bensiini?id_country[]=73","Citroen Grand C4 Picasso","https://www.nettiauto.com/citroen/grand-c4-picasso/12029418","Kulutus: 
Kaupunki: 11.3 l/100km
Maantie: 6.1 l/100km
Yhdistetty: 8.0 l/100km"
"1619174999-48","https://www.nettiauto.com/citroen/grand-c4-picasso/bensiini?id_country[]=73","Citroen Grand C4 Picasso","https://www.nettiauto.com/citroen/grand-c4-picasso/12010953","Kokonaismassa: 2 220 kg"
"1619175012-89","https://www.nettiauto.com/citroen/grand-c4-picasso/bensiini?id_country[]=73","Citroen Grand C4 Picasso","https://www.nettiauto.com/citroen/grand-c4-picasso/10735916","BOI-353"
"1619175030-173","https://www.nettiauto.com/citroen/grand-c4-picasso/bensiini?id_country[]=73","Citroen Grand C4 Picasso","https://www.nettiauto.com/citroen/grand-c4-picasso/12029418","3-2020"
"1619175022-138","https://www.nettiauto.com/citroen/grand-c4-picasso/bensiini?id_country[]=73","Citroen Grand C4 Picasso","https://www.nettiauto.com/citroen/grand-c4-picasso/12038084","3-2021"
"1619175022-139","https://www.nettiauto.com/citroen/grand-c4-picasso/bensiini?id_country[]=73","Citroen Grand C4 Picasso","https://www.nettiauto.com/citroen/grand-c4-picasso/12038084","2.0 l, Bensiini"
"1619175004-69","https://www.nettiauto.com/citroen/grand-c4-picasso/bensiini?id_country[]=73","Citroen Grand C4 Picasso","https://www.nettiauto.com/citroen/grand-c4-picasso/12041434","Vantaa, Uusimaa"
"1619175004-64","https://www.nettiauto.com/citroen/grand-c4-picasso/bensiini?id_country[]=73","Citroen Grand C4 Picasso","https://www.nettiauto.com/citroen/grand-c4-picasso/12041434","9-2020"
"1619175014-106","https://www.nettiauto.com/citroen/grand-c4-picasso/bensiini?id_country[]=73","Citroen Grand C4 Picasso","https://www.nettiauto.com/citroen/grand-c4-picasso/12037414","150 €"
"1619175007-80","https://www.nettiauto.com/citroen/grand-c4-picasso/bensiini?id_country[]=73","Citroen Grand C4 Picasso","https://www.nettiauto.com/citroen/grand-c4-picasso/11622625","50 €"
"1619175020-136","https://www.nettiauto.com/citroen/grand-c4-picasso/bensiini?id_country[]=73","Citroen Grand C4 Picasso","https://www.nettiauto.com/citroen/grand-c4-picasso/12074269","CO2 -päästöt: 190 g/km"
"1619175007-86","https://www.nettiauto.com/citroen/grand-c4-picasso/bensiini?id_country[]=73","Citroen Grand C4 Picasso","https://www.nettiauto.com/citroen/grand-c4-picasso/11622625","Näytä Energiamerkintä"
"1619175004-66","https://www.nettiauto.com/citroen/grand-c4-picasso/bensiini?id_country[]=73","Citroen Grand C4 Picasso","https://www.nettiauto.com/citroen/grand-c4-picasso/12041434","BRC-404"
"1619175004-63","https://www.nettiauto.com/citroen/grand-c4-picasso/bensiini?id_country[]=73","Citroen Grand C4 Picasso","https://www.nettiauto.com/citroen/grand-c4-picasso/12041434","2013 (ensirek. 7-2013)"
"1619174994-25","https://www.nettiauto.com/citroen/grand-c4-picasso/bensiini?id_country[]=73","Citroen Grand C4 Picasso","https://www.nettiauto.com/citroen/grand-c4-picasso/11923366","Näytä Energiamerkintä"
"1619175022-146","https://www.nettiauto.com/citroen/grand-c4-picasso/bensiini?id_country[]=73","Citroen Grand C4 Picasso","https://www.nettiauto.com/citroen/grand-c4-picasso/12038084","CO2 -päästöt: 211 g/km G"
"1619175025-151","https://www.nettiauto.com/citroen/grand-c4-picasso/bensiini?id_country[]=73","Citroen Grand C4 Picasso","https://www.nettiauto.com/citroen/grand-c4-picasso/11974499","1.7 l, Bensiini"
"1619175020-125","https://www.nettiauto.com/citroen/grand-c4-picasso/bensiini?id_country[]=73","Citroen Grand C4 Picasso","https://www.nettiauto.com/citroen/grand-c4-picasso/12074269","2007 (ensirek. 2-2007)"
"1619175007-75","https://www.nettiauto.com/citroen/grand-c4-picasso/bensiini?id_country[]=73","Citroen Grand C4 Picasso","https://www.nettiauto.com/citroen/grand-c4-picasso/11622625","8-2020"
"1619175007-84","https://www.nettiauto.com/citroen/grand-c4-picasso/bensiini?id_country[]=73","Citroen Grand C4 Picasso","https://www.nettiauto.com/citroen/grand-c4-picasso/11622625","CO2 -päästöt: 190 g/km F"
"1619175004-71","https://www.nettiauto.com/citroen/grand-c4-picasso/bensiini?id_country[]=73","Citroen Grand C4 Picasso","https://www.nettiauto.com/citroen/grand-c4-picasso/12041434","Manuaali"
"1619175014-102","https://www.nettiauto.com/citroen/grand-c4-picasso/bensiini?id_country[]=73","Citroen Grand C4 Picasso","https://www.nettiauto.com/citroen/grand-c4-picasso/12037414","1.7 l, Bensiini"
"1619175020-135","https://www.nettiauto.com/citroen/grand-c4-picasso/bensiini?id_country[]=73","Citroen Grand C4 Picasso","https://www.nettiauto.com/citroen/grand-c4-picasso/12074269","Omamassa: 1 635 kg"
"1619175022-147","https://www.nettiauto.com/citroen/grand-c4-picasso/bensiini?id_country[]=73","Citroen Grand C4 Picasso","https://www.nettiauto.com/citroen/grand-c4-picasso/12038084","Ajoneuvovero: 339 €/Vuosi"
"1619175028-161","https://www.nettiauto.com/citroen/grand-c4-picasso/bensiini?id_country[]=73","Citroen Grand C4 Picasso","https://www.nettiauto.com/citroen/grand-c4-picasso/12080603","5-2020"
"1619174994-23","https://www.nettiauto.com/citroen/grand-c4-picasso/bensiini?id_country[]=73","Citroen Grand C4 Picasso","https://www.nettiauto.com/citroen/grand-c4-picasso/11923366","CO2 -päästöt: 139 g/km D"
"1619175004-70","https://www.nettiauto.com/citroen/grand-c4-picasso/bensiini?id_country[]=73","Citroen Grand C4 Picasso","https://www.nettiauto.com/citroen/grand-c4-picasso/12041434","90 €"
"1619175028-171","https://www.nettiauto.com/citroen/grand-c4-picasso/bensiini?id_country[]=73","Citroen Grand C4 Picasso","https://www.nettiauto.com/citroen/grand-c4-picasso/12080603","CO2 -päästöt: 190 g/km"
"1619175017-116","https://www.nettiauto.com/citroen/grand-c4-picasso/bensiini?id_country[]=73","Citroen Grand C4 Picasso","https://www.nettiauto.com/citroen/grand-c4-picasso/12078120","222 050 km"
"1619174996-30","https://www.nettiauto.com/citroen/grand-c4-picasso/bensiini?id_country[]=73","Citroen Grand C4 Picasso","https://www.nettiauto.com/citroen/grand-c4-picasso/12055855","125 000 km"
"1619175012-96","https://www.nettiauto.com/citroen/grand-c4-picasso/bensiini?id_country[]=73","Citroen Grand C4 Picasso","https://www.nettiauto.com/citroen/grand-c4-picasso/10735916","Omamassa: 1 635 kg"
"1619175002-53","https://www.nettiauto.com/citroen/grand-c4-picasso/bensiini?id_country[]=73","Citroen Grand C4 Picasso","https://www.nettiauto.com/citroen/grand-c4-picasso/11924360","3-2021"
"1619174994-22","https://www.nettiauto.com/citroen/grand-c4-picasso/bensiini?id_country[]=73","Citroen Grand C4 Picasso","https://www.nettiauto.com/citroen/grand-c4-picasso/11923366","Kokonaismassa: 2 150 kg"
"1619174999-49","https://www.nettiauto.com/citroen/grand-c4-picasso/bensiini?id_country[]=73","Citroen Grand C4 Picasso","https://www.nettiauto.com/citroen/grand-c4-picasso/12010953","CO2 -päästöt: 162 g/km E"
"1619175017-124","https://www.nettiauto.com/citroen/grand-c4-picasso/bensiini?id_country[]=73","Citroen Grand C4 Picasso","https://www.nettiauto.com/citroen/grand-c4-picasso/12078120","Näytä Energiamerkintä"
"1619175004-67","https://www.nettiauto.com/citroen/grand-c4-picasso/bensiini?id_country[]=73","Citroen Grand C4 Picasso","https://www.nettiauto.com/citroen/grand-c4-picasso/12041434","187 000 km"
"1619175025-156","https://www.nettiauto.com/citroen/grand-c4-picasso/bensiini?id_country[]=73","Citroen Grand C4 Picasso","https://www.nettiauto.com/citroen/grand-c4-picasso/11974499","Manuaali"
"1619175004-72","https://www.nettiauto.com/citroen/grand-c4-picasso/bensiini?id_country[]=73","Citroen Grand C4 Picasso","https://www.nettiauto.com/citroen/grand-c4-picasso/12041434","Turvatyynyt"
"1619175030-178","https://www.nettiauto.com/citroen/grand-c4-picasso/bensiini?id_country[]=73","Citroen Grand C4 Picasso","https://www.nettiauto.com/citroen/grand-c4-picasso/12029418","Manuaali"
"1619175014-107","https://www.nettiauto.com/citroen/grand-c4-picasso/bensiini?id_country[]=73","Citroen Grand C4 Picasso","https://www.nettiauto.com/citroen/grand-c4-picasso/12037414","Manuaali"
"1619175012-88","https://www.nettiauto.com/citroen/grand-c4-picasso/bensiini?id_country[]=73","Citroen Grand C4 Picasso","https://www.nettiauto.com/citroen/grand-c4-picasso/10735916","2.0 l, Bensiini"
"1619174996-33","https://www.nettiauto.com/citroen/grand-c4-picasso/bensiini?id_country[]=73","Citroen Grand C4 Picasso","https://www.nettiauto.com/citroen/grand-c4-picasso/12055855","159 €"
"1619174999-45","https://www.nettiauto.com/citroen/grand-c4-picasso/bensiini?id_country[]=73","Citroen Grand C4 Picasso","https://www.nettiauto.com/citroen/grand-c4-picasso/12010953","Automaatti"
"1619175030-177","https://www.nettiauto.com/citroen/grand-c4-picasso/bensiini?id_country[]=73","Citroen Grand C4 Picasso","https://www.nettiauto.com/citroen/grand-c4-picasso/12029418","Kangasala, Pirkanmaa"
"1619175012-90","https://www.nettiauto.com/citroen/grand-c4-picasso/bensiini?id_country[]=73","Citroen Grand C4 Picasso","https://www.nettiauto.com/citroen/grand-c4-picasso/10735916","195 000 km"
"1619175028-167","https://www.nettiauto.com/citroen/grand-c4-picasso/bensiini?id_country[]=73","Citroen Grand C4 Picasso","https://www.nettiauto.com/citroen/grand-c4-picasso/12080603","Manuaali"
"1619175028-163","https://www.nettiauto.com/citroen/grand-c4-picasso/bensiini?id_country[]=73","Citroen Grand C4 Picasso","https://www.nettiauto.com/citroen/grand-c4-picasso/12080603","GHH-417"
"1619175014-101","https://www.nettiauto.com/citroen/grand-c4-picasso/bensiini?id_country[]=73","Citroen Grand C4 Picasso","https://www.nettiauto.com/citroen/grand-c4-picasso/12037414","3-2021"
"1619175030-179","https://www.nettiauto.com/citroen/grand-c4-picasso/bensiini?id_country[]=73","Citroen Grand C4 Picasso","https://www.nettiauto.com/citroen/grand-c4-picasso/12029418","31.03.2021"
"1619175002-61","https://www.nettiauto.com/citroen/grand-c4-picasso/bensiini?id_country[]=73","Citroen Grand C4 Picasso","https://www.nettiauto.com/citroen/grand-c4-picasso/11924360","Ajoneuvovero: 226 €/Vuosi"
"1619175014-103","https://www.nettiauto.com/citroen/grand-c4-picasso/bensiini?id_country[]=73","Citroen Grand C4 Picasso","https://www.nettiauto.com/citroen/grand-c4-picasso/12037414","193 000 km"
"1619175022-140","https://www.nettiauto.com/citroen/grand-c4-picasso/bensiini?id_country[]=73","Citroen Grand C4 Picasso","https://www.nettiauto.com/citroen/grand-c4-picasso/12038084","228 000 km"
"1619175007-81","https://www.nettiauto.com/citroen/grand-c4-picasso/bensiini?id_country[]=73","Citroen Grand C4 Picasso","https://www.nettiauto.com/citroen/grand-c4-picasso/11622625","Manuaali"
"1619175028-168","https://www.nettiauto.com/citroen/grand-c4-picasso/bensiini?id_country[]=73","Citroen Grand C4 Picasso","https://www.nettiauto.com/citroen/grand-c4-picasso/12080603","(UUSI 24H)"
"1619175020-133","https://www.nettiauto.com/citroen/grand-c4-picasso/bensiini?id_country[]=73","Citroen Grand C4 Picasso","https://www.nettiauto.com/citroen/grand-c4-picasso/12074269","20.04.2021 (UUSI 72H)"
"1619175014-104","https://www.nettiauto.com/citroen/grand-c4-picasso/bensiini?id_country[]=73","Citroen Grand C4 Picasso","https://www.nettiauto.com/citroen/grand-c4-picasso/12037414","Etuveto"
"1619175007-82","https://www.nettiauto.com/citroen/grand-c4-picasso/bensiini?id_country[]=73","Citroen Grand C4 Picasso","https://www.nettiauto.com/citroen/grand-c4-picasso/11622625","Sumuvalot"
"1619174994-17","https://www.nettiauto.com/citroen/grand-c4-picasso/bensiini?id_country[]=73","Citroen Grand C4 Picasso","https://www.nettiauto.com/citroen/grand-c4-picasso/11923366","69 000 km"
"1619174996-27","https://www.nettiauto.com/citroen/grand-c4-picasso/bensiini?id_country[]=73","Citroen Grand C4 Picasso","https://www.nettiauto.com/citroen/grand-c4-picasso/12055855","4-2021"
"1619175030-172","https://www.nettiauto.com/citroen/grand-c4-picasso/bensiini?id_country[]=73","Citroen Grand C4 Picasso","https://www.nettiauto.com/citroen/grand-c4-picasso/12029418","2006 (ensirek. 11-2006)"
"1619175020-130","https://www.nettiauto.com/citroen/grand-c4-picasso/bensiini?id_country[]=73","Citroen Grand C4 Picasso","https://www.nettiauto.com/citroen/grand-c4-picasso/12074269","Etuveto"
"1619175025-153","https://www.nettiauto.com/citroen/grand-c4-picasso/bensiini?id_country[]=73","Citroen Grand C4 Picasso","https://www.nettiauto.com/citroen/grand-c4-picasso/11974499","246 180 km"
"1619175020-132","https://www.nettiauto.com/citroen/grand-c4-picasso/bensiini?id_country[]=73","Citroen Grand C4 Picasso","https://www.nettiauto.com/citroen/grand-c4-picasso/12074269","Automaatti"
"1619175002-56","https://www.nettiauto.com/citroen/grand-c4-picasso/bensiini?id_country[]=73","Citroen Grand C4 Picasso","https://www.nettiauto.com/citroen/grand-c4-picasso/11924360","Etuveto"
"1619174994-21","https://www.nettiauto.com/citroen/grand-c4-picasso/bensiini?id_country[]=73","Citroen Grand C4 Picasso","https://www.nettiauto.com/citroen/grand-c4-picasso/11923366","10.04.2021"
"1619174999-43","https://www.nettiauto.com/citroen/grand-c4-picasso/bensiini?id_country[]=73","Citroen Grand C4 Picasso","https://www.nettiauto.com/citroen/grand-c4-picasso/12010953","Helsinki, Uusimaa"
"1619174999-51","https://www.nettiauto.com/citroen/grand-c4-picasso/bensiini?id_country[]=73","Citroen Grand C4 Picasso","https://www.nettiauto.com/citroen/grand-c4-picasso/12010953","Näytä Energiamerkintä"
"1619175002-62","https://www.nettiauto.com/citroen/grand-c4-picasso/bensiini?id_country[]=73","Citroen Grand C4 Picasso","https://www.nettiauto.com/citroen/grand-c4-picasso/11924360","Näytä Energiamerkintä"
"1619175014-110","https://www.nettiauto.com/citroen/grand-c4-picasso/bensiini?id_country[]=73","Citroen Grand C4 Picasso","https://www.nettiauto.com/citroen/grand-c4-picasso/12037414","Omamassa: 1 585 kg"
"1619175012-94","https://www.nettiauto.com/citroen/grand-c4-picasso/bensiini?id_country[]=73","Citroen Grand C4 Picasso","https://www.nettiauto.com/citroen/grand-c4-picasso/10735916","17.12.2020"
"1619175017-120","https://www.nettiauto.com/citroen/grand-c4-picasso/bensiini?id_country[]=73","Citroen Grand C4 Picasso","https://www.nettiauto.com/citroen/grand-c4-picasso/12078120","(UUSI 72H)"
"1619175030-175","https://www.nettiauto.com/citroen/grand-c4-picasso/bensiini?id_country[]=73","Citroen Grand C4 Picasso","https://www.nettiauto.com/citroen/grand-c4-picasso/12029418","Ei ilmoitettu"
"1619175028-160","https://www.nettiauto.com/citroen/grand-c4-picasso/bensiini?id_country[]=73","Citroen Grand C4 Picasso","https://www.nettiauto.com/citroen/grand-c4-picasso/12080603","2007 (ensirek. 5-2007)"
"1619175002-60","https://www.nettiauto.com/citroen/grand-c4-picasso/bensiini?id_country[]=73","Citroen Grand C4 Picasso","https://www.nettiauto.com/citroen/grand-c4-picasso/11924360","CO2 -päästöt: 162 g/km E"
"1619175025-152","https://www.nettiauto.com/citroen/grand-c4-picasso/bensiini?id_country[]=73","Citroen Grand C4 Picasso","https://www.nettiauto.com/citroen/grand-c4-picasso/11974499","HVG-945"
"1619174996-32","https://www.nettiauto.com/citroen/grand-c4-picasso/bensiini?id_country[]=73","Citroen Grand C4 Picasso","https://www.nettiauto.com/citroen/grand-c4-picasso/12055855","Lempäälä, Pirkanmaa"
"1619175002-59","https://www.nettiauto.com/citroen/grand-c4-picasso/bensiini?id_country[]=73","Citroen Grand C4 Picasso","https://www.nettiauto.com/citroen/grand-c4-picasso/11924360","Omamassa: 1 592 kg"
"1619174996-36","https://www.nettiauto.com/citroen/grand-c4-picasso/bensiini?id_country[]=73","Citroen Grand C4 Picasso","https://www.nettiauto.com/citroen/grand-c4-picasso/12055855","Vetomassa (jarrullinen): 1 500 kg"
"1619175020-127","https://www.nettiauto.com/citroen/grand-c4-picasso/bensiini?id_country[]=73","Citroen Grand C4 Picasso","https://www.nettiauto.com/citroen/grand-c4-picasso/12074269","2.0 l, Bensiini"
"1619175007-76","https://www.nettiauto.com/citroen/grand-c4-picasso/bensiini?id_country[]=73","Citroen Grand C4 Picasso","https://www.nettiauto.com/citroen/grand-c4-picasso/11622625","1.7 l, Bensiini"
"1619175017-112","https://www.nettiauto.com/citroen/grand-c4-picasso/bensiini?id_country[]=73","Citroen Grand C4 Picasso","https://www.nettiauto.com/citroen/grand-c4-picasso/12078120","2008 (ensirek. 4-2008)"
"1619175028-165","https://www.nettiauto.com/citroen/grand-c4-picasso/bensiini?id_country[]=73","Citroen Grand C4 Picasso","https://www.nettiauto.com/citroen/grand-c4-picasso/12080603","Etuveto"
"1619175017-114","https://www.nettiauto.com/citroen/grand-c4-picasso/bensiini?id_country[]=73","Citroen Grand C4 Picasso","https://www.nettiauto.com/citroen/grand-c4-picasso/12078120","2.0 l, Bensiini"
"1619175025-159","https://www.nettiauto.com/citroen/grand-c4-picasso/bensiini?id_country[]=73","Citroen Grand C4 Picasso","https://www.nettiauto.com/citroen/grand-c4-picasso/11974499","CO2 -päästöt: 190 g/km"
"1619175012-99","https://www.nettiauto.com/citroen/grand-c4-picasso/bensiini?id_country[]=73","Citroen Grand C4 Picasso","https://www.nettiauto.com/citroen/grand-c4-picasso/10735916","Näytä Energiamerkintä"
"1619174999-50","https://www.nettiauto.com/citroen/grand-c4-picasso/bensiini?id_country[]=73","Citroen Grand C4 Picasso","https://www.nettiauto.com/citroen/grand-c4-picasso/12010953","Ajoneuvovero: 226 €/Vuosi"
"1619175022-142","https://www.nettiauto.com/citroen/grand-c4-picasso/bensiini?id_country[]=73","Citroen Grand C4 Picasso","https://www.nettiauto.com/citroen/grand-c4-picasso/12038084","Tuusula, Uusimaa"
"1619175017-118","https://www.nettiauto.com/citroen/grand-c4-picasso/bensiini?id_country[]=73","Citroen Grand C4 Picasso","https://www.nettiauto.com/citroen/grand-c4-picasso/12078120","Vaasa, Pohjanmaa"
"1619175007-77","https://www.nettiauto.com/citroen/grand-c4-picasso/bensiini?id_country[]=73","Citroen Grand C4 Picasso","https://www.nettiauto.com/citroen/grand-c4-picasso/11622625","178 000 km"
"1619174996-29","https://www.nettiauto.com/citroen/grand-c4-picasso/bensiini?id_country[]=73","Citroen Grand C4 Picasso","https://www.nettiauto.com/citroen/grand-c4-picasso/12055855","JJL-263"
"1619175022-143","https://www.nettiauto.com/citroen/grand-c4-picasso/bensiini?id_country[]=73","Citroen Grand C4 Picasso","https://www.nettiauto.com/citroen/grand-c4-picasso/12038084","Automaatti"
"1619174999-41","https://www.nettiauto.com/citroen/grand-c4-picasso/bensiini?id_country[]=73","Citroen Grand C4 Picasso","https://www.nettiauto.com/citroen/grand-c4-picasso/12010953","67 000 km"
"1619175022-137","https://www.nettiauto.com/citroen/grand-c4-picasso/bensiini?id_country[]=73","Citroen Grand C4 Picasso","https://www.nettiauto.com/citroen/grand-c4-picasso/12038084","2008 (ensirek. 5-2008)"
"1619175014-109","https://www.nettiauto.com/citroen/grand-c4-picasso/bensiini?id_country[]=73","Citroen Grand C4 Picasso","https://www.nettiauto.com/citroen/grand-c4-picasso/12037414","Mäkilähtöavustin"
"1619174994-24","https://www.nettiauto.com/citroen/grand-c4-picasso/bensiini?id_country[]=73","Citroen Grand C4 Picasso","https://www.nettiauto.com/citroen/grand-c4-picasso/11923366","Ajoneuvovero: 182 €/Vuosi"
"1619175030-176","https://www.nettiauto.com/citroen/grand-c4-picasso/bensiini?id_country[]=73","Citroen Grand C4 Picasso","https://www.nettiauto.com/citroen/grand-c4-picasso/12029418","Etuveto"
"1619174999-37","https://www.nettiauto.com/citroen/grand-c4-picasso/bensiini?id_country[]=73","Citroen Grand C4 Picasso","https://www.nettiauto.com/citroen/grand-c4-picasso/12010953","2011 (ensirek. 9-2011)"
"1619175012-97","https://www.nettiauto.com/citroen/grand-c4-picasso/bensiini?id_country[]=73","Citroen Grand C4 Picasso","https://www.nettiauto.com/citroen/grand-c4-picasso/10735916","CO2 -päästöt: 190 g/km F"
"1619175002-57","https://www.nettiauto.com/citroen/grand-c4-picasso/bensiini?id_country[]=73","Citroen Grand C4 Picasso","https://www.nettiauto.com/citroen/grand-c4-picasso/11924360","Turku, Varsinais-Suomi"
"1619175007-83","https://www.nettiauto.com/citroen/grand-c4-picasso/bensiini?id_country[]=73","Citroen Grand C4 Picasso","https://www.nettiauto.com/citroen/grand-c4-picasso/11622625","Omamassa: 1 585 kg"
"1619175030-174","https://www.nettiauto.com/citroen/grand-c4-picasso/bensiini?id_country[]=73","Citroen Grand C4 Picasso","https://www.nettiauto.com/citroen/grand-c4-picasso/12029418","1.7 l, Bensiini"
"1619175022-145","https://www.nettiauto.com/citroen/grand-c4-picasso/bensiini?id_country[]=73","Citroen Grand C4 Picasso","https://www.nettiauto.com/citroen/grand-c4-picasso/12038084","Omamassa: 1 675 kg"
"1619174994-14","https://www.nettiauto.com/citroen/grand-c4-picasso/bensiini?id_country[]=73","Citroen Grand C4 Picasso","https://www.nettiauto.com/citroen/grand-c4-picasso/11923366","2-2021"
"1619175022-148","https://www.nettiauto.com/citroen/grand-c4-picasso/bensiini?id_country[]=73","Citroen Grand C4 Picasso","https://www.nettiauto.com/citroen/grand-c4-picasso/12038084","Näytä Energiamerkintä"
"1619175012-93","https://www.nettiauto.com/citroen/grand-c4-picasso/bensiini?id_country[]=73","Citroen Grand C4 Picasso","https://www.nettiauto.com/citroen/grand-c4-picasso/10735916","Automaatti"
"1619175007-79","https://www.nettiauto.com/citroen/grand-c4-picasso/bensiini?id_country[]=73","Citroen Grand C4 Picasso","https://www.nettiauto.com/citroen/grand-c4-picasso/11622625","Savonlinna, Etelä-Savo"
"1619175002-52","https://www.nettiauto.com/citroen/grand-c4-picasso/bensiini?id_country[]=73","Citroen Grand C4 Picasso","https://www.nettiauto.com/citroen/grand-c4-picasso/11924360","2012 (ensirek. 3-2012)"
"1619175017-123","https://www.nettiauto.com/citroen/grand-c4-picasso/bensiini?id_country[]=73","Citroen Grand C4 Picasso","https://www.nettiauto.com/citroen/grand-c4-picasso/12078120","Ajoneuvovero: 291 €/Vuosi"
"1619174996-35","https://www.nettiauto.com/citroen/grand-c4-picasso/bensiini?id_country[]=73","Citroen Grand C4 Picasso","https://www.nettiauto.com/citroen/grand-c4-picasso/12055855","22.04.2021 (72H)"
"1619175017-121","https://www.nettiauto.com/citroen/grand-c4-picasso/bensiini?id_country[]=73","Citroen Grand C4 Picasso","https://www.nettiauto.com/citroen/grand-c4-picasso/12078120","Kulutus: 
Kaupunki: 11.1 l/100km
Maantie: 6.2 l/100km
Yhdistetty: 8.0 l/100km"
"1619175002-55","https://www.nettiauto.com/citroen/grand-c4-picasso/bensiini?id_country[]=73","Citroen Grand C4 Picasso","https://www.nettiauto.com/citroen/grand-c4-picasso/11924360","111 000 km"
"1619175030-181","https://www.nettiauto.com/citroen/grand-c4-picasso/bensiini?id_country[]=73","Citroen Grand C4 Picasso","https://www.nettiauto.com/citroen/grand-c4-picasso/12029418","CO2 -päästöt: 190 g/km"
"1619175004-73","https://www.nettiauto.com/citroen/grand-c4-picasso/bensiini?id_country[]=73","Citroen Grand C4 Picasso","https://www.nettiauto.com/citroen/grand-c4-picasso/12041434","Kulutus: 
Kaupunki: 9.3 l/100km
Maantie: 5.4 l/100km
Yhdistetty: 6.9 l/100km"
"1619174994-16","https://www.nettiauto.com/citroen/grand-c4-picasso/bensiini?id_country[]=73","Citroen Grand C4 Picasso","https://www.nettiauto.com/citroen/grand-c4-picasso/11923366","TZG-521"
"1619175014-108","https://www.nettiauto.com/citroen/grand-c4-picasso/bensiini?id_country[]=73","Citroen Grand C4 Picasso","https://www.nettiauto.com/citroen/grand-c4-picasso/12037414","21.04.2021 (72H)"
"1619175012-98","https://www.nettiauto.com/citroen/grand-c4-picasso/bensiini?id_country[]=73","Citroen Grand C4 Picasso","https://www.nettiauto.com/citroen/grand-c4-picasso/10735916","Ajoneuvovero: 292 €/Vuosi"
"1619175025-158","https://www.nettiauto.com/citroen/grand-c4-picasso/bensiini?id_country[]=73","Citroen Grand C4 Picasso","https://www.nettiauto.com/citroen/grand-c4-picasso/11974499","Kokonaismassa: 2 200 kg"
"1619174994-15","https://www.nettiauto.com/citroen/grand-c4-picasso/bensiini?id_country[]=73","Citroen Grand C4 Picasso","https://www.nettiauto.com/citroen/grand-c4-picasso/11923366","1.6 l, Bensiini"
"1619175017-122","https://www.nettiauto.com/citroen/grand-c4-picasso/bensiini?id_country[]=73","Citroen Grand C4 Picasso","https://www.nettiauto.com/citroen/grand-c4-picasso/12078120","CO2 -päästöt: 190 g/km F"
"1619175007-85","https://www.nettiauto.com/citroen/grand-c4-picasso/bensiini?id_country[]=73","Citroen Grand C4 Picasso","https://www.nettiauto.com/citroen/grand-c4-picasso/11622625","Ajoneuvovero: 291 €/Vuosi"
"1619175020-131","https://www.nettiauto.com/citroen/grand-c4-picasso/bensiini?id_country[]=73","Citroen Grand C4 Picasso","https://www.nettiauto.com/citroen/grand-c4-picasso/12074269","Ii, Pohjois-Pohjanmaa"
"1619174996-26","https://www.nettiauto.com/citroen/grand-c4-picasso/bensiini?id_country[]=73","Citroen Grand C4 Picasso","https://www.nettiauto.com/citroen/grand-c4-picasso/12055855","2014 (ensirek. 10-2014)"
"1619175020-129","https://www.nettiauto.com/citroen/grand-c4-picasso/bensiini?id_country[]=73","Citroen Grand C4 Picasso","https://www.nettiauto.com/citroen/grand-c4-picasso/12074269","197 000 km"
"1619175020-126","https://www.nettiauto.com/citroen/grand-c4-picasso/bensiini?id_country[]=73","Citroen Grand C4 Picasso","https://www.nettiauto.com/citroen/grand-c4-picasso/12074269","2-2021"
"1619174996-31","https://www.nettiauto.com/citroen/grand-c4-picasso/bensiini?id_country[]=73","Citroen Grand C4 Picasso","https://www.nettiauto.com/citroen/grand-c4-picasso/12055855","Etuveto"
"1619174999-38","https://www.nettiauto.com/citroen/grand-c4-picasso/bensiini?id_country[]=73","Citroen Grand C4 Picasso","https://www.nettiauto.com/citroen/grand-c4-picasso/12010953","3-2021"
"1619175004-68","https://www.nettiauto.com/citroen/grand-c4-picasso/bensiini?id_country[]=73","Citroen Grand C4 Picasso","https://www.nettiauto.com/citroen/grand-c4-picasso/12041434","Etuveto"
"1619175028-164","https://www.nettiauto.com/citroen/grand-c4-picasso/bensiini?id_country[]=73","Citroen Grand C4 Picasso","https://www.nettiauto.com/citroen/grand-c4-picasso/12080603","285 033 km"
"1619174999-40","https://www.nettiauto.com/citroen/grand-c4-picasso/bensiini?id_country[]=73","Citroen Grand C4 Picasso","https://www.nettiauto.com/citroen/grand-c4-picasso/12010953","FKN-691"
"1619175007-74","https://www.nettiauto.com/citroen/grand-c4-picasso/bensiini?id_country[]=73","Citroen Grand C4 Picasso","https://www.nettiauto.com/citroen/grand-c4-picasso/11622625","2008 (ensirek. 7-2008)"
"1619175007-78","https://www.nettiauto.com/citroen/grand-c4-picasso/bensiini?id_country[]=73","Citroen Grand C4 Picasso","https://www.nettiauto.com/citroen/grand-c4-picasso/11622625","Etuveto"
"1619175012-91","https://www.nettiauto.com/citroen/grand-c4-picasso/bensiini?id_country[]=73","Citroen Grand C4 Picasso","https://www.nettiauto.com/citroen/grand-c4-picasso/10735916","Etuveto"
"1619175022-141","https://www.nettiauto.com/citroen/grand-c4-picasso/bensiini?id_country[]=73","Citroen Grand C4 Picasso","https://www.nettiauto.com/citroen/grand-c4-picasso/12038084","Etuveto"
"1619175028-169","https://www.nettiauto.com/citroen/grand-c4-picasso/bensiini?id_country[]=73","Citroen Grand C4 Picasso","https://www.nettiauto.com/citroen/grand-c4-picasso/12080603","Sähkökäyttöiset ikkunat"
"1619175025-157","https://www.nettiauto.com/citroen/grand-c4-picasso/bensiini?id_country[]=73","Citroen Grand C4 Picasso","https://www.nettiauto.com/citroen/grand-c4-picasso/11974499","18.03.2021"
"1619175017-113","https://www.nettiauto.com/citroen/grand-c4-picasso/bensiini?id_country[]=73","Citroen Grand C4 Picasso","https://www.nettiauto.com/citroen/grand-c4-picasso/12078120","4-2021"
"1619175012-92","https://www.nettiauto.com/citroen/grand-c4-picasso/bensiini?id_country[]=73","Citroen Grand C4 Picasso","https://www.nettiauto.com/citroen/grand-c4-picasso/10735916","Kotka, Kymenlaakso"
"1619175017-115","https://www.nettiauto.com/citroen/grand-c4-picasso/bensiini?id_country[]=73","Citroen Grand C4 Picasso","https://www.nettiauto.com/citroen/grand-c4-picasso/12078120","HPI-580"
"1619175004-65","https://www.nettiauto.com/citroen/grand-c4-picasso/bensiini?id_country[]=73","Citroen Grand C4 Picasso","https://www.nettiauto.com/citroen/grand-c4-picasso/12041434","1.6 l, Bensiini"
"1619174999-44","https://www.nettiauto.com/citroen/grand-c4-picasso/bensiini?id_country[]=73","Citroen Grand C4 Picasso","https://www.nettiauto.com/citroen/grand-c4-picasso/12010953","169 €"
"1619174999-42","https://www.nettiauto.com/citroen/grand-c4-picasso/bensiini?id_country[]=73","Citroen Grand C4 Picasso","https://www.nettiauto.com/citroen/grand-c4-picasso/12010953","Etuveto"
"1619175020-134","https://www.nettiauto.com/citroen/grand-c4-picasso/bensiini?id_country[]=73","Citroen Grand C4 Picasso","https://www.nettiauto.com/citroen/grand-c4-picasso/12074269","Lukkiutumattomat jarrut (ABS)"
"1619174996-34","https://www.nettiauto.com/citroen/grand-c4-picasso/bensiini?id_country[]=73","Citroen Grand C4 Picasso","https://www.nettiauto.com/citroen/grand-c4-picasso/12055855","Automaatti"
"1619175017-119","https://www.nettiauto.com/citroen/grand-c4-picasso/bensiini?id_country[]=73","Citroen Grand C4 Picasso","https://www.nettiauto.com/citroen/grand-c4-picasso/12078120","Automaatti"
"1619175025-154","https://www.nettiauto.com/citroen/grand-c4-picasso/bensiini?id_country[]=73","Citroen Grand C4 Picasso","https://www.nettiauto.com/citroen/grand-c4-picasso/11974499","Etuveto"
"1619175012-95","https://www.nettiauto.com/citroen/grand-c4-picasso/bensiini?id_country[]=73","Citroen Grand C4 Picasso","https://www.nettiauto.com/citroen/grand-c4-picasso/10735916","Turvatyynyt"
"1619175022-144","https://www.nettiauto.com/citroen/grand-c4-picasso/bensiini?id_country[]=73","Citroen Grand C4 Picasso","https://www.nettiauto.com/citroen/grand-c4-picasso/12038084","Lukkiutumattomat jarrut (ABS)"
"1619175025-149","https://www.nettiauto.com/citroen/grand-c4-picasso/bensiini?id_country[]=73","Citroen Grand C4 Picasso","https://www.nettiauto.com/citroen/grand-c4-picasso/11974499","2007 (ensirek. 1-2007)"
"1619174994-19","https://www.nettiauto.com/citroen/grand-c4-picasso/bensiini?id_country[]=73","Citroen Grand C4 Picasso","https://www.nettiauto.com/citroen/grand-c4-picasso/11923366","Espoo, Uusimaa"
"1619175002-58","https://www.nettiauto.com/citroen/grand-c4-picasso/bensiini?id_country[]=73","Citroen Grand C4 Picasso","https://www.nettiauto.com/citroen/grand-c4-picasso/11924360","Automaatti"
"1619174999-47","https://www.nettiauto.com/citroen/grand-c4-picasso/bensiini?id_country[]=73","Citroen Grand C4 Picasso","https://www.nettiauto.com/citroen/grand-c4-picasso/12010953","Turvatyynyt"
"1619175012-87","https://www.nettiauto.com/citroen/grand-c4-picasso/bensiini?id_country[]=73","Citroen Grand C4 Picasso","https://www.nettiauto.com/citroen/grand-c4-picasso/10735916","2007"
"1619175028-166","https://www.nettiauto.com/citroen/grand-c4-picasso/bensiini?id_country[]=73","Citroen Grand C4 Picasso","https://www.nettiauto.com/citroen/grand-c4-picasso/12080603","Helsinki, Uusimaa"
"1619174994-20","https://www.nettiauto.com/citroen/grand-c4-picasso/bensiini?id_country[]=73","Citroen Grand C4 Picasso","https://www.nettiauto.com/citroen/grand-c4-picasso/11923366","Manuaali"
"1619174994-18","https://www.nettiauto.com/citroen/grand-c4-picasso/bensiini?id_country[]=73","Citroen Grand C4 Picasso","https://www.nettiauto.com/citroen/grand-c4-picasso/11923366","Etuveto"
"1619174999-46","https://www.nettiauto.com/citroen/grand-c4-picasso/bensiini?id_country[]=73","Citroen Grand C4 Picasso","https://www.nettiauto.com/citroen/grand-c4-picasso/12010953","17.04.2021"
"1619175020-128","https://www.nettiauto.com/citroen/grand-c4-picasso/bensiini?id_country[]=73","Citroen Grand C4 Picasso","https://www.nettiauto.com/citroen/grand-c4-picasso/12074269","BPI-989"
"1619175017-117","https://www.nettiauto.com/citroen/grand-c4-picasso/bensiini?id_country[]=73","Citroen Grand C4 Picasso","https://www.nettiauto.com/citroen/grand-c4-picasso/12078120","Etuveto"
"1619174996-28","https://www.nettiauto.com/citroen/grand-c4-picasso/bensiini?id_country[]=73","Citroen Grand C4 Picasso","https://www.nettiauto.com/citroen/grand-c4-picasso/12055855","1.6 l, Bensiini"
"1619175025-155","https://www.nettiauto.com/citroen/grand-c4-picasso/bensiini?id_country[]=73","Citroen Grand C4 Picasso","https://www.nettiauto.com/citroen/grand-c4-picasso/11974499","Pulkkila, Pohjois-Pohjanmaa"
"1619175025-150","https://www.nettiauto.com/citroen/grand-c4-picasso/bensiini?id_country[]=73","Citroen Grand C4 Picasso","https://www.nettiauto.com/citroen/grand-c4-picasso/11974499","11-2020"
"1619175014-111","https://www.nettiauto.com/citroen/grand-c4-picasso/bensiini?id_country[]=73","Citroen Grand C4 Picasso","https://www.nettiauto.com/citroen/grand-c4-picasso/12037414","CO2 -päästöt: 190 g/km"
"1619174994-13","https://www.nettiauto.com/citroen/grand-c4-picasso/bensiini?id_country[]=73","Citroen Grand C4 Picasso","https://www.nettiauto.com/citroen/grand-c4-picasso/11923366","2014"
